{"I_GW": -0.16791104, "Te_GW": -0.63701965, "Cs_sv_GW": -1.8062645, "Fr_sv": -0.12865227, "Ge_h": -0.75471906, "Cr": -5.43555061, "H_s": -1.11738863, "Sb_GW": -1.43126201, "In_d": -0.1777127, "Mg_sv_GW": -14.15205482, "Be_sv": -0.04099056, "N_s": -3.12682312, "Zn_GW": -0.00652257, "I": -0.16934704, "Fe_GW": -3.36359529, "O_GW": -1.52648879, "Al_sv_GW": -0.24140537, "Sn_d": -0.66039225, "Sn": -0.63088282, "Bi": -1.32466282, "Ru": -1.95812938, "Cr_sv_GW": -7.20019876, "Au": -0.18496201, "Bi_d_GW": -1.36160993, "As_GW": -1.69985975, "Cl_GW": -0.23802601, "Cl_h": -0.23931675, "Br": -0.20741461, "Au_pv_GW": -0.18103008, "Ru_pv_GW": -1.96224368, "N_GW": -3.12794663, "C_s": -1.24228703, "H": -1.11710592, "Ca_sv": -0.02583837, "Li_sv": -0.29777526, "Rb_sv_GW": -2.4011129, "Au_GW": -0.18337908, "F_GW": -0.41258912, "Pb_d_GW": -0.60862056, "Zn": -0.01112926, "Cr_sv": -5.4733705, "S_h": -0.86706821, "C": -1.24283719, "Cr_pv": -5.44613974, "Cl": -0.23863522, "Ge_GW": -0.74660121, "Ga_d": -0.19330757, "Na_pv": -0.2283568, "In": -0.15918081, "Zn_pv_GW": -0.00632954, "Sr_sv_GW": -4.74775336, "Ga": -0.18544275, "Mg_pv": -0.00937811, "Rb_pv": -0.14097628, "Mg_pv_GW": -0.00556194, "Ge_sv_GW": -0.76402734, "V": -2.30688286, "Ge": -0.74683392, "Fe_sv_GW": -4.71772361, "P": -1.88700129, "Ne": -0.01242436, "Fe_sv": -3.41602822, "Ca_pv": -0.00672995, "Bi_d": -1.36010543, "N_s_GW": -3.12611851, "S": -1.07341285, "Ge_d": -0.7599766, "Ra_sv": -0.00700879, "As": -1.70137589, "Sn_d_GW": -0.65772819, "Mg_sv": -0.01021525, "Ga_pv_GW": -0.18594862, "B": -0.27167207, "F_s": -0.41673417, "Zn_sv_GW": 1.86038425, "F": -0.41875807, "Ba_sv": -0.0308878, "Ge_d_GW": -0.75900748, "Sb": -1.43017101, "Ca_sv_GW": -4.93496996, "Fe": -3.36286633, "Ga_d_GW": -0.18589309, "Ru_sv_GW": -1.65931992, "Ga_GW": -0.18542339, "N": -3.12381681, "He_GW": 0.00025492, "H_GW": -1.11597904, "Si_GW": -0.80606126, "He": 0.00165967, "Ne_GW_soft": -0.01423596, "K_sv": -0.17694849, "Se": -0.76433723, "Tl": -0.14297835, "Se_GW": -0.76254242, "P_h": -1.88229378, "B_s": -0.27238393, "Fe_pv": -3.38106039, "Ga_h": -0.18881616, "Rb_sv": -0.16011245, "Pb": -0.58400409, "B_GW": -0.27243168, "W_pv": -3.84421692, "Te": -0.63801978, "As_d": -1.72546293, "O": -1.52766097, "Li_sv_GW": -2.0787813, "V_pv": -2.37978837, "S_GW": -0.87009289, "Ru_sv": -2.00203738, "Sr_sv": -0.02799593, "P_GW": -1.88033784, "Ar_GW": -0.02111482, "Ru_pv": -1.96095408, "Ne_GW": -0.01080195, "Br_GW": -0.20577644, "K_pv": -0.15822326, "W_sv_GW": -5.90309412, "Ar": -0.02360649, "Tl_d": -0.16049295, "Si": -0.80664187, "K_sv_GW": -2.63496675, "Cs_sv": -0.13339084, "Ba_sv_GW": -2.86094173, "C_GW": -1.24052164, "In_d_GW": -0.17759891, "Pb_d": -0.61157427, "O_s": -1.52444404, "Na_sv_GW": -3.82845306, "V_sv": -2.41076005, "W": -3.8203724, "Sb_d_GW": -1.4620769, "Bi_GW": -1.32414237}