{"In_d": -2.5601032, "As": -4.66985353, "Sn_d": -3.846294905, "F": -1.80193632, "Mg": -1.506760115, "Br": -1.6288575925, "P": -5.3738421625, "Te": -3.1422585400000003, "Na_pv": -1.3117156133333332, "O": -4.9513093825, "Sb": -4.13557983, "Ca_sv": -1.92889821, "Se": -3.4982505699999997, "Sr_sv": -1.6370339075, "Cl": -1.833784515, "N": -8.3309484575, "Mg_pv": -1.505322825, "K_sv": -1.04726313, "Rb_sv": -0.936138375, "Ba_sv": -1.90816003, "C": -9.217663625, "Bi_d": -3.885430255, "Ge_d": -4.5184768, "Tl_d": -2.2260644, "B": -6.703919787499999, "Al": -3.74581915, "Si": -5.424967075, "I": -1.5090116475, "Cs_sv": -0.85213774, "Pb_d": -3.56418089, "Po_d": -3.07616758, "S": -3.50780913, "Ga_d": -2.90696324, "Bi": -3.873489165}