{"Yb_2": -0.19145559333333337, "Ac": -0.046576373333333386, "In_d": -0.16257573999999986, "As": 0.017612009999999678, "Nb_sv": -0.009555179999999552, "Sc_sv": -0.08406135999999975, "Co": -0.07231298000000042, "Y_sv": -0.03301556500000036, "Ce": -0.008873227500000525, "Cr_pv": -0.1237161250000014, "Pa": -0.09057513999999856, "Sn_d": -0.16149133000000004, "Hf_pv": -0.03048838499999995, "Cu": -0.3703574425, "Pd": 0.03480836750000016, "F": -0.07920507499999996, "Mg": -0.0360113150000001, "Pt": 0.039994010000000024, "Mo_sv": 0.08539493500000006, "Rh_pv": -0.0869501150000005, "Zn": -0.15943080499999995, "Be": 0.02573471999999999, "Br": 0.005416155000000034, "Rn": 8.171500000000304e-05, "P": -0.0007236849999996409, "Tb_3": -0.06101138000000006, "Te": 0.00045140666666713497, "Tm_3": 0.0007044199999999279, "Dy_3": -0.060576210000000096, "Ag": -0.11061133499999976, "W_pv": -0.00455464500000069, "Na_pv": 0.0007874199999999831, "O": -4.28750000001088e-05, "Ni": -0.31020256250000067, "Au": -0.05237094249999963, "Nd_3": -0.050482963333333096, "Sb": 0.01827651500000016, "Ca_sv": -0.07096552000000012, "Se": 0.014927893333333367, "Sr_sv": -0.04622586000000006, "Cd": -0.16309698500000003, "Sm_3": -0.0686418600000005, "Cl": -0.0001023150000001305, "He": -3.788500000000139e-05, "Kr": -0.009707115000000002, "V_sv": -0.12839795499999873, "Mn_pv": -0.1708192199999985, "N": 0.0004763487500003549, "Mg_pv": -0.09049167000000002, "K_sv": -0.049819439999999826, "Rb_sv": -0.026512124999999997, "Ba_sv": -0.015159509999999932, "C": 0.003459655000000339, "Bi_d": -0.15537743000000015, "Re": 0.002068834999999325, "Ru_pv": -0.040342049999999574, "Ge_d": -0.10425352500000074, "Ta_pv": -0.04057412999999954, "U": -0.13826302999999918, "Ti_sv": -0.05471114499999974, "Os": 0.022533085000000952, "La": -0.04305716999999998, "Tl_d": -0.1375536549999996, "Li_sv": 0.0010666466666666707, "B": 0.025636443333333148, "Ne": 4.929249999999913e-05, "Al": 0.000785479999999783, "Fe": -0.22760648999999944, "Ir": -0.008642992500000446, "Si": 2.514500000039277e-05, "I": -0.0004784499999999081, "Xe": 0.0033008149999999986, "Cs_sv": -0.00048523000000000316, "Pb_d": -0.14305002, "Po_d": 0.00010826999999968834, "Hg": -0.117100185, "Pr_3": -0.04353422666666636, "Ho_3": -0.06178702999999963, "Pm_3": -0.06167093000000001, "Pu": -0.2664042731249996, "Er_3": -0.06749558000000011, "S": -0.0006251200000000345, "Eu_2": -0.8087129616666665, "Ga_d": -0.12429324249999985, "Bi": -0.0015794449999999571, "H": -0.0002820999999997298, "Zr_sv": -0.02693791999999995, "Gd_3": -15.266860289999999, "Th": 0.03184554999999989, "Tc_pv": -0.01329416499999958, "Lu_3": -0.07137100000000007, "In_d_GW": -0.1560830099999997, "As_GW": 0.022903280000000414, "Nb_sv_GW": 1.2499914800000003, "Sc_sv_GW": 2.3636555349999995, "Co_sv_GW": 1.0781886399999996, "Y_sv_GW": 2.1033655300000005, "Cr_sv_GW": 1.6659443449999998, "Sn_d_GW": -0.1613741700000002, "Hf_sv_GW": 2.813401915, "Cu_sv_GW": -0.33285717749999977, "Pd_sv_GW": -1.4190132374999997, "F_h_GW": -4.270461790000001, "Mg_sv_GW": 14.10650734, "Pt_sv_GW": 0.007419645000000585, "Mo_sv_GW": 0.8680826750000001, "Rh_sv_GW": -0.9371435525000003, "Zn_sv_GW": -0.13831715, "Be_sv_GW": 7.096674745, "Br": 0.008394614999999828, "Rn_d_GW": 0.0200483775, "Te_GW": 0.007427930000000416, "Ag_sv_GW": -2.168199895, "W_sv_GW": 2.0665111950000004, "Na_sv_GW": 2.08332716, "O_h_GW": -1.0620312825, "Ni_sv_GW": 0.6273254249999995, "Au_sv_GW": -0.6602569599999999, "Sb_d_GW": 0.03571050499999995, "Ca_sv_GW": 4.852981290000001, "Se_GW": 0.01902711333333329, "Sr_sv_GW": 4.674093002499999, "Cd_sv_GW": -0.11768808000000008, "Cl_GW": -0.027312012499999927, "He_GW": 0.0005354049999999992, "Kr_GW": -0.00987814, "V_sv_GW": 1.8567975749999999, "Mn_sv_GW": 1.5074888625000007, "N_h_GW": -0.3893961012500009, "K_sv_GW": 2.4348985499999998, "Rb_sv_GW": 2.214604855, "Ba_sv_GW": 2.8199446099999994, "C_GW": 6.616658305, "Bi_d_GW": -0.16279244999999998, "Re_sv_GW": 1.6304751450000001, "Ru_sv_GW": -0.3282650450000002, "Ge_d_GW": -0.11067907500000018, "Ta_sv_GW": 2.4547329199999997, "Ti_sv_GW": 2.1654009999999992, "Os_sv_GW": 1.1345372099999995, "Tl_d_GW": -0.13779959499999972, "Li_sv_GW": 1.7846196466666668, "B": 0.02817833666666658, "Ne_GW": -0.0003495300000000007, "Al_GW": 0.006134260000000058, "Fe_sv_GW": 1.0667918399999996, "Ir_sv_GW": 0.5567156200000003, "Si_GW": -0.00186150499999993, "Xe_GW": 0.0015232724999999989, "Cs_sv_GW": 1.6734681999999999, "Pb_d_GW": -0.14530566, "Po_d_GW": -0.004550370000000026, "Hg_sv_GW": -0.10990575, "S_GW": -0.0021143900000000215, "Ga_d_GW": -0.13448096250000008, "H_h_GW": -0.0221813424999997, "Zr_sv_GW": 1.7156805899999998, "Tc_sv_GW": 0.25138197999999967, "Lu_3": -0.07137100000000007, "Yb_2": -0.1504603, "Pa": -0.0934517399999999, "Zn_sv_GW": -0.13826349, "Tb_3": -0.06405254999999999, "Tm_3": 0.0006883300000000148, "Nd_3": -0.05509465999999996, "Sm_3": -0.07516312999999952, "Mn_sv_GW": 1.45745914, "N_h_GW": -0.32130452, "U": -0.15801143999999923, "La_GW": -0.22998297, "Np": -0.2232685700000001, "I_GW": 0.005256150000000126, "Pr_3": -0.04840499999999981, "Ho_3": -0.06385951000000034, "Pm_3": -0.06812549999999984, "Pu": -0.28949298000000034, "Ra_sv": 0.0, "Gd_3": -1.9509616699999999, "Th": 0.03278009000000015, "P_GW": -0.002017990000000136, "Ce_GW": 0.0033281599999996914, "Am" : 0.0000000, "F_GW": 0.011124432499999948, "O_GW": 0.03445788500000013, "N_GW": 0.04364752625000001, "H_GW": -0.005142655000000218 }
